https://www.foodpanda.pk/darkstore/khdw/pandamart-saddar-rwp/product/48646141,4MNDHO
https://www.foodpanda.pk/darkstore/khdw/pandamart-saddar-rwp/product/7649972,0LTV3D
https://www.foodpanda.pk/darkstore/khdw/pandamart-saddar-rwp/product/7649992,GQ695V
https://www.foodpanda.pk/darkstore/khdw/pandamart-saddar-rwp/product/7650014,U4QR0C
https://www.foodpanda.pk/darkstore/khdw/pandamart-saddar-rwp/product/7649975,1STNIQ
https://www.foodpanda.pk/darkstore/khdw/pandamart-saddar-rwp/product/139128439,QZ4M6V
https://www.foodpanda.pk/darkstore/khdw/pandamart-saddar-rwp/product/7650008,OA4PQV
https://www.foodpanda.pk/darkstore/khdw/pandamart-saddar-rwp/product/139320637,SFRR3B
https://www.foodpanda.pk/darkstore/khdw/pandamart-saddar-rwp/product/7649990,8NNX6T
https://www.foodpanda.pk/darkstore/khdw/pandamart-saddar-rwp/product/55809237,r1vf-402
https://www.foodpanda.pk/darkstore/khdw/pandamart-saddar-rwp/product/7825380,K8HTZF
https://www.foodpanda.pk/darkstore/khdw/pandamart-saddar-rwp/product/7851968,8QTM9W
https://www.foodpanda.pk/darkstore/khdw/pandamart-saddar-rwp/product/7638659,YOAJME
https://www.foodpanda.pk/darkstore/khdw/pandamart-saddar-rwp/product/7645101,2OTFL2
https://www.foodpanda.pk/darkstore/khdw/pandamart-saddar-rwp/product/9459236,FMV24R
https://www.foodpanda.pk/darkstore/khdw/pandamart-saddar-rwp/product/7641308,J35Z4L
https://www.foodpanda.pk/darkstore/khdw/pandamart-saddar-rwp/product/24138034,8LA6W1
https://www.foodpanda.pk/darkstore/khdw/pandamart-saddar-rwp/product/36760143,CLOAUF
https://www.foodpanda.pk/darkstore/khdw/pandamart-saddar-rwp/product/7641180,011A85
https://www.foodpanda.pk/darkstore/khdw/pandamart-saddar-rwp/product/36768267,G3FO87
https://www.foodpanda.pk/darkstore/khdw/pandamart-saddar-rwp/product/7641248,892CL9
https://www.foodpanda.pk/darkstore/khdw/pandamart-saddar-rwp/product/7641298,HH6CSD
https://www.foodpanda.pk/darkstore/khdw/pandamart-saddar-rwp/product/7645123,SI4LS9
https://www.foodpanda.pk/darkstore/khdw/pandamart-saddar-rwp/product/35924735,IQJWCV
https://www.foodpanda.pk/darkstore/khdw/pandamart-saddar-rwp/product/7653286,3U1XIR
https://www.foodpanda.pk/darkstore/khdw/pandamart-saddar-rwp/product/7862553,UJ6HRJ
https://www.foodpanda.pk/darkstore/khdw/pandamart-saddar-rwp/product/64890265,r1vf-650
https://www.foodpanda.pk/darkstore/khdw/pandamart-saddar-rwp/product/7860586,7D571Q
https://www.foodpanda.pk/darkstore/khdw/pandamart-saddar-rwp/product/7653376,6218RB
https://www.foodpanda.pk/darkstore/khdw/pandamart-saddar-rwp/product/7862212,H5988L
https://www.foodpanda.pk/darkstore/khdw/pandamart-saddar-rwp/product/7863081,M2L3E1
https://www.foodpanda.pk/darkstore/khdw/pandamart-saddar-rwp/product/35129459,300T39
https://www.foodpanda.pk/darkstore/khdw/pandamart-saddar-rwp/product/7834313,7H6601
https://www.foodpanda.pk/darkstore/khdw/pandamart-saddar-rwp/product/7647801,B85KI8
https://www.foodpanda.pk/darkstore/khdw/pandamart-saddar-rwp/product/36760542,SGQ535
https://www.foodpanda.pk/darkstore/khdw/pandamart-saddar-rwp/product/7834311,V58JR3
https://www.foodpanda.pk/darkstore/khdw/pandamart-saddar-rwp/product/8232722,H8CV6T
https://www.foodpanda.pk/darkstore/khdw/pandamart-saddar-rwp/product/7834253,H8E5V3
https://www.foodpanda.pk/darkstore/khdw/pandamart-saddar-rwp/product/7631884,1248ZM
https://www.foodpanda.pk/darkstore/khdw/pandamart-saddar-rwp/product/141678191,r1vf-4445
https://www.foodpanda.pk/darkstore/khdw/pandamart-saddar-rwp/product/141961696,92KRR2
https://www.foodpanda.pk/darkstore/khdw/pandamart-saddar-rwp/product/138924869,sta-612
https://www.foodpanda.pk/darkstore/khdw/pandamart-saddar-rwp/product/7631079,2IG400
https://www.foodpanda.pk/darkstore/khdw/pandamart-saddar-rwp/product/7631081,3DP82J
https://www.foodpanda.pk/darkstore/khdw/pandamart-saddar-rwp/product/8789568,8ELTWK
https://www.foodpanda.pk/darkstore/khdw/pandamart-saddar-rwp/product/7663379,88085A
https://www.foodpanda.pk/darkstore/khdw/pandamart-saddar-rwp/product/7663420,ZOHH05
https://www.foodpanda.pk/darkstore/khdw/pandamart-saddar-rwp/product/7648919,LS1884
https://www.foodpanda.pk/darkstore/khdw/pandamart-saddar-rwp/product/44823323,11FNKG
https://www.foodpanda.pk/darkstore/khdw/pandamart-saddar-rwp/product/7653825,I5JY23
https://www.foodpanda.pk/darkstore/khdw/pandamart-saddar-rwp/product/7656973,V5HKR6
https://www.foodpanda.pk/darkstore/khdw/pandamart-saddar-rwp/product/139095042,r1vf-1452
https://www.foodpanda.pk/darkstore/khdw/pandamart-saddar-rwp/product/20437977,GV92KG
https://www.foodpanda.pk/darkstore/khdw/pandamart-saddar-rwp/product/43020483,1Y75J6
https://www.foodpanda.pk/darkstore/khdw/pandamart-saddar-rwp/product/139095040,r1vf-1451
https://www.foodpanda.pk/darkstore/khdw/pandamart-saddar-rwp/product/40686382,8IT74K
https://www.foodpanda.pk/darkstore/khdw/pandamart-saddar-rwp/product/38409744,1TYAUI
https://www.foodpanda.pk/darkstore/khdw/pandamart-saddar-rwp/product/7638097,1LOBZW
https://www.foodpanda.pk/darkstore/khdw/pandamart-saddar-rwp/product/43020495,0M25M7
https://www.foodpanda.pk/darkstore/khdw/pandamart-saddar-rwp/product/48403014,r1vf-110
https://www.foodpanda.pk/darkstore/khdw/pandamart-saddar-rwp/product/7650003,NFEFVF
https://www.foodpanda.pk/darkstore/khdw/pandamart-saddar-rwp/product/18228942,42VITQ
https://www.foodpanda.pk/darkstore/khdw/pandamart-saddar-rwp/product/143856810,S7R7J9
https://www.foodpanda.pk/darkstore/khdw/pandamart-saddar-rwp/product/7649979,4TEI19
https://www.foodpanda.pk/darkstore/khdw/pandamart-saddar-rwp/product/7649984,65MP3S
https://www.foodpanda.pk/darkstore/khdw/pandamart-saddar-rwp/product/7650020,VXH013
https://www.foodpanda.pk/darkstore/khdw/pandamart-saddar-rwp/product/18228946,237COA
https://www.foodpanda.pk/darkstore/khdw/pandamart-saddar-rwp/product/28124166,PBDK64
https://www.foodpanda.pk/darkstore/khdw/pandamart-saddar-rwp/product/8411109,766DP9